run_id,timestamp,stage,well_id,date,method_signature,input_file,output_file,params_json,notes
9452c1a3,2026-05-01T02:25:54,breakpoints,LRS70D,20220131,bp-savgol-max10-t1,data/raw/sec/2022_02/D/LRS70_D_YSI_20220131.csv,data/breakpoints/2022_02/LRS70D_20220131__bp-savgol-max10-t1.json,"{""max_breakpoints"":10,""method"":""breakpoints"",""min_distance"":0.01,""n_trials"":1,""smoothing_method"":""savgol"",""tolerance"":1e-05,""y_space"":""log10""}",batch run 2026-05-01T02:26:25
fc630fba,2026-05-01T02:26:25,breakpoints,LRS70D,20220131,bp-lowess-max10-t1,data/raw/sec/2022_02/D/LRS70_D_YSI_20220131.csv,data/breakpoints/2022_02/LRS70D_20220131__bp-lowess-max10-t1.json,"{""max_breakpoints"":10,""method"":""breakpoints"",""min_distance"":0.01,""n_trials"":1,""smoothing_method"":""lowess"",""tolerance"":1e-05,""y_space"":""log10""}",batch run 2026-05-01T02:26:57
fd37593f,2026-04-30T23:49:06,breakpoints,AW5D,20220213,bp-savgol-max10-t3,data\raw\sec\2022_02\D\AW5_D_YSI_20220213.csv,data\breakpoints\2022_02\AW5D_20220213__bp-savgol-max10-t3.json,"{""max_breakpoints"":10,""method"":""breakpoints"",""min_distance"":0.01,""n_trials"":3,""smoothing_method"":""savgol"",""tolerance"":1e-05,""y_space"":""log10""}",batch run 2026-04-30T23:53:09
f6d36361,2026-04-30T23:53:09,breakpoints,AW5D,20220213,bp-lowess-max10-t3,data\raw\sec\2022_02\D\AW5_D_YSI_20220213.csv,data\breakpoints\2022_02\AW5D_20220213__bp-lowess-max10-t3.json,"{""max_breakpoints"":10,""method"":""breakpoints"",""min_distance"":0.01,""n_trials"":3,""smoothing_method"":""lowess"",""tolerance"":1e-05,""y_space"":""log10""}",batch run 2026-04-30T23:55:20
fd37593f,2026-04-30T23:55:30,breakpoints,AW6D,20220219,bp-savgol-max10-t3,data\raw\sec\2022_02\D\AW6_D_YSI_20220219.csv,data\breakpoints\2022_02\AW6D_20220219__bp-savgol-max10-t3.json,"{""max_breakpoints"":10,""method"":""breakpoints"",""min_distance"":0.01,""n_trials"":3,""smoothing_method"":""savgol"",""tolerance"":1e-05,""y_space"":""log10""}",batch run 2026-05-01T00:00:00
f6d36361,2026-05-01T00:00:00,breakpoints,AW6D,20220219,bp-lowess-max10-t3,data\raw\sec\2022_02\D\AW6_D_YSI_20220219.csv,data\breakpoints\2022_02\AW6D_20220219__bp-lowess-max10-t3.json,"{""max_breakpoints"":10,""method"":""breakpoints"",""min_distance"":0.01,""n_trials"":3,""smoothing_method"":""lowess"",""tolerance"":1e-05,""y_space"":""log10""}",batch run 2026-05-01T00:04:08
fd37593f,2026-05-01T00:04:17,breakpoints,BW3D,20220202,bp-savgol-max10-t3,data\raw\sec\2022_02\D\BW3_D_YSI_20220202.csv,data\breakpoints\2022_02\BW3D_20220202__bp-savgol-max10-t3.json,"{""max_breakpoints"":10,""method"":""breakpoints"",""min_distance"":0.01,""n_trials"":3,""smoothing_method"":""savgol"",""tolerance"":1e-05,""y_space"":""log10""}",batch run 2026-05-01T00:08:16
f6d36361,2026-05-01T00:08:16,breakpoints,BW3D,20220202,bp-lowess-max10-t3,data\raw\sec\2022_02\D\BW3_D_YSI_20220202.csv,data\breakpoints\2022_02\BW3D_20220202__bp-lowess-max10-t3.json,"{""max_breakpoints"":10,""method"":""breakpoints"",""min_distance"":0.01,""n_trials"":3,""smoothing_method"":""lowess"",""tolerance"":1e-05,""y_space"":""log10""}",batch run 2026-05-01T00:13:09
fd37593f,2026-05-01T00:13:18,breakpoints,LRS69D,20220212,bp-savgol-max10-t3,data\raw\sec\2022_02\D\LRS69_D_YSI_20220212.csv,data\breakpoints\2022_02\LRS69D_20220212__bp-savgol-max10-t3.json,"{""max_breakpoints"":10,""method"":""breakpoints"",""min_distance"":0.01,""n_trials"":3,""smoothing_method"":""savgol"",""tolerance"":1e-05,""y_space"":""log10""}",batch run 2026-05-01T00:20:25
f6d36361,2026-05-01T00:20:25,breakpoints,LRS69D,20220212,bp-lowess-max10-t3,data\raw\sec\2022_02\D\LRS69_D_YSI_20220212.csv,data\breakpoints\2022_02\LRS69D_20220212__bp-lowess-max10-t3.json,"{""max_breakpoints"":10,""method"":""breakpoints"",""min_distance"":0.01,""n_trials"":3,""smoothing_method"":""lowess"",""tolerance"":1e-05,""y_space"":""log10""}",batch run 2026-05-01T00:27:35
fd37593f,2026-05-01T00:27:43,breakpoints,LRS70D,20220131,bp-savgol-max10-t3,data\raw\sec\2022_02\D\LRS70_D_YSI_20220131.csv,data\breakpoints\2022_02\LRS70D_20220131__bp-savgol-max10-t3.json,"{""max_breakpoints"":10,""method"":""breakpoints"",""min_distance"":0.01,""n_trials"":3,""smoothing_method"":""savgol"",""tolerance"":1e-05,""y_space"":""log10""}",batch run 2026-05-01T00:31:24
f6d36361,2026-05-01T00:31:24,breakpoints,LRS70D,20220131,bp-lowess-max10-t3,data\raw\sec\2022_02\D\LRS70_D_YSI_20220131.csv,data\breakpoints\2022_02\LRS70D_20220131__bp-lowess-max10-t3.json,"{""max_breakpoints"":10,""method"":""breakpoints"",""min_distance"":0.01,""n_trials"":3,""smoothing_method"":""lowess"",""tolerance"":1e-05,""y_space"":""log10""}",batch run 2026-05-01T00:34:55
b7a918f7,2026-05-01T12:54:42,smoothing,AW5D,20220213,savgol-w11-o3-seg,data\raw\sec\2022_02\D\AW5_D_YSI_20220213.csv,data\processed\sec\2022_02\savgol\AW5D_20220213__savgol-w11-o3-seg.csv,"{""depth_adj"":null,""log10"":true,""method"":""savgol"",""order"":3,""segmented"":true,""window"":11}",
ea9be071,2026-05-01T12:54:42,smoothing,AW5D,20220213,lowess-f0.05-i2-pava,data\raw\sec\2022_02\D\AW5_D_YSI_20220213.csv,data\processed\sec\2022_02\lowess\AW5D_20220213__lowess-f0.05-i2-pava.csv,"{""depth_adj"":null,""frac"":0.05,""iter"":2,""log10"":true,""method"":""lowess"",""pava"":true}",
b7a918f7,2026-05-01T12:54:43,smoothing,AW6D,20220219,savgol-w11-o3-seg,data\raw\sec\2022_02\D\AW6_D_YSI_20220219.csv,data\processed\sec\2022_02\savgol\AW6D_20220219__savgol-w11-o3-seg.csv,"{""depth_adj"":null,""log10"":true,""method"":""savgol"",""order"":3,""segmented"":true,""window"":11}",
ea9be071,2026-05-01T12:54:44,smoothing,AW6D,20220219,lowess-f0.05-i2-pava,data\raw\sec\2022_02\D\AW6_D_YSI_20220219.csv,data\processed\sec\2022_02\lowess\AW6D_20220219__lowess-f0.05-i2-pava.csv,"{""depth_adj"":null,""frac"":0.05,""iter"":2,""log10"":true,""method"":""lowess"",""pava"":true}",
b7a918f7,2026-05-01T12:54:45,smoothing,BW3D,20220202,savgol-w11-o3-seg,data\raw\sec\2022_02\D\BW3_D_YSI_20220202.csv,data\processed\sec\2022_02\savgol\BW3D_20220202__savgol-w11-o3-seg.csv,"{""depth_adj"":null,""log10"":true,""method"":""savgol"",""order"":3,""segmented"":true,""window"":11}",
ea9be071,2026-05-01T12:54:45,smoothing,BW3D,20220202,lowess-f0.05-i2-pava,data\raw\sec\2022_02\D\BW3_D_YSI_20220202.csv,data\processed\sec\2022_02\lowess\BW3D_20220202__lowess-f0.05-i2-pava.csv,"{""depth_adj"":null,""frac"":0.05,""iter"":2,""log10"":true,""method"":""lowess"",""pava"":true}",
b7a918f7,2026-05-01T12:54:46,smoothing,LRS69D,20220212,savgol-w11-o3-seg,data\raw\sec\2022_02\D\LRS69_D_YSI_20220212.csv,data\processed\sec\2022_02\savgol\LRS69D_20220212__savgol-w11-o3-seg.csv,"{""depth_adj"":null,""log10"":true,""method"":""savgol"",""order"":3,""segmented"":true,""window"":11}",
ea9be071,2026-05-01T12:54:47,smoothing,LRS69D,20220212,lowess-f0.05-i2-pava,data\raw\sec\2022_02\D\LRS69_D_YSI_20220212.csv,data\processed\sec\2022_02\lowess\LRS69D_20220212__lowess-f0.05-i2-pava.csv,"{""depth_adj"":null,""frac"":0.05,""iter"":2,""log10"":true,""method"":""lowess"",""pava"":true}",
b7a918f7,2026-05-01T12:54:48,smoothing,LRS70D,20220131,savgol-w11-o3-seg,data\raw\sec\2022_02\D\LRS70_D_YSI_20220131.csv,data\processed\sec\2022_02\savgol\LRS70D_20220131__savgol-w11-o3-seg.csv,"{""depth_adj"":null,""log10"":true,""method"":""savgol"",""order"":3,""segmented"":true,""window"":11}",
ea9be071,2026-05-01T12:54:48,smoothing,LRS70D,20220131,lowess-f0.05-i2-pava,data\raw\sec\2022_02\D\LRS70_D_YSI_20220131.csv,data\processed\sec\2022_02\lowess\LRS70D_20220131__lowess-f0.05-i2-pava.csv,"{""depth_adj"":null,""frac"":0.05,""iter"":2,""log10"":true,""method"":""lowess"",""pava"":true}",
748c9595,2026-05-03T22:49:02,smoothing,AW5D,20220213,savgol-w11-o3-seg,data\raw\sec\2022_02\D\AW5_D_YSI_20220213.csv,results\savgol_window_sensitivity\2022_02\processed_sec\window11\savgol\AW5D_20220213__savgol-w11-o3-seg.csv,"{""depth_adj"":null,""depth_adj_value"":null,""gradient_factor"":20.0,""log10"":true,""method"":""savgol"",""min_gradient_threshold"":1000.0,""monotonic_descent"":true,""order"":3,""segmented"":true,""window"":11}",
c94b7a7c,2026-05-03T22:49:03,smoothing,AW5D,20220213,lowess-f0.05-i2-pava,data\raw\sec\2022_02\D\AW5_D_YSI_20220213.csv,results\savgol_window_sensitivity\2022_02\processed_sec\window11\lowess\AW5D_20220213__lowess-f0.05-i2-pava.csv,"{""degree"":1,""depth_adj"":null,""depth_adj_value"":null,""frac"":0.05,""iter"":2,""log10"":true,""method"":""lowess"",""monotonic_descent"":true,""pava"":true}",
748c9595,2026-05-03T22:49:04,smoothing,AW6D,20220219,savgol-w11-o3-seg,data\raw\sec\2022_02\D\AW6_D_YSI_20220219.csv,results\savgol_window_sensitivity\2022_02\processed_sec\window11\savgol\AW6D_20220219__savgol-w11-o3-seg.csv,"{""depth_adj"":null,""depth_adj_value"":null,""gradient_factor"":20.0,""log10"":true,""method"":""savgol"",""min_gradient_threshold"":1000.0,""monotonic_descent"":true,""order"":3,""segmented"":true,""window"":11}",
c94b7a7c,2026-05-03T22:49:04,smoothing,AW6D,20220219,lowess-f0.05-i2-pava,data\raw\sec\2022_02\D\AW6_D_YSI_20220219.csv,results\savgol_window_sensitivity\2022_02\processed_sec\window11\lowess\AW6D_20220219__lowess-f0.05-i2-pava.csv,"{""degree"":1,""depth_adj"":null,""depth_adj_value"":null,""frac"":0.05,""iter"":2,""log10"":true,""method"":""lowess"",""monotonic_descent"":true,""pava"":true}",
748c9595,2026-05-03T22:49:05,smoothing,BW3D,20220202,savgol-w11-o3-seg,data\raw\sec\2022_02\D\BW3_D_YSI_20220202.csv,results\savgol_window_sensitivity\2022_02\processed_sec\window11\savgol\BW3D_20220202__savgol-w11-o3-seg.csv,"{""depth_adj"":null,""depth_adj_value"":null,""gradient_factor"":20.0,""log10"":true,""method"":""savgol"",""min_gradient_threshold"":1000.0,""monotonic_descent"":true,""order"":3,""segmented"":true,""window"":11}",
c94b7a7c,2026-05-03T22:49:06,smoothing,BW3D,20220202,lowess-f0.05-i2-pava,data\raw\sec\2022_02\D\BW3_D_YSI_20220202.csv,results\savgol_window_sensitivity\2022_02\processed_sec\window11\lowess\BW3D_20220202__lowess-f0.05-i2-pava.csv,"{""degree"":1,""depth_adj"":null,""depth_adj_value"":null,""frac"":0.05,""iter"":2,""log10"":true,""method"":""lowess"",""monotonic_descent"":true,""pava"":true}",
748c9595,2026-05-03T22:49:07,smoothing,LRS69D,20220212,savgol-w11-o3-seg,data\raw\sec\2022_02\D\LRS69_D_YSI_20220212.csv,results\savgol_window_sensitivity\2022_02\processed_sec\window11\savgol\LRS69D_20220212__savgol-w11-o3-seg.csv,"{""depth_adj"":null,""depth_adj_value"":null,""gradient_factor"":20.0,""log10"":true,""method"":""savgol"",""min_gradient_threshold"":1000.0,""monotonic_descent"":true,""order"":3,""segmented"":true,""window"":11}",
c94b7a7c,2026-05-03T22:49:08,smoothing,LRS69D,20220212,lowess-f0.05-i2-pava,data\raw\sec\2022_02\D\LRS69_D_YSI_20220212.csv,results\savgol_window_sensitivity\2022_02\processed_sec\window11\lowess\LRS69D_20220212__lowess-f0.05-i2-pava.csv,"{""degree"":1,""depth_adj"":null,""depth_adj_value"":null,""frac"":0.05,""iter"":2,""log10"":true,""method"":""lowess"",""monotonic_descent"":true,""pava"":true}",
748c9595,2026-05-03T22:49:09,smoothing,LRS70D,20220131,savgol-w11-o3-seg,data\raw\sec\2022_02\D\LRS70_D_YSI_20220131.csv,results\savgol_window_sensitivity\2022_02\processed_sec\window11\savgol\LRS70D_20220131__savgol-w11-o3-seg.csv,"{""depth_adj"":null,""depth_adj_value"":null,""gradient_factor"":20.0,""log10"":true,""method"":""savgol"",""min_gradient_threshold"":1000.0,""monotonic_descent"":true,""order"":3,""segmented"":true,""window"":11}",
c94b7a7c,2026-05-03T22:49:10,smoothing,LRS70D,20220131,lowess-f0.05-i2-pava,data\raw\sec\2022_02\D\LRS70_D_YSI_20220131.csv,results\savgol_window_sensitivity\2022_02\processed_sec\window11\lowess\LRS70D_20220131__lowess-f0.05-i2-pava.csv,"{""degree"":1,""depth_adj"":null,""depth_adj_value"":null,""frac"":0.05,""iter"":2,""log10"":true,""method"":""lowess"",""monotonic_descent"":true,""pava"":true}",
fd37593f,2026-05-03T22:49:18,breakpoints,AW5D,20220213,bp-savgol-max10-t3,data\raw\sec\2022_02\D\AW5_D_YSI_20220213.csv,results\savgol_window_sensitivity\2022_02\breakpoints\window11\AW5D_20220213__bp-savgol-max10-t3.json,"{""max_breakpoints"":10,""method"":""breakpoints"",""min_distance"":0.01,""n_trials"":3,""smoothing_method"":""savgol"",""tolerance"":1e-05,""y_space"":""log10""}",batch run 2026-05-03T22:53:51
f6d36361,2026-05-03T22:53:51,breakpoints,AW5D,20220213,bp-lowess-max10-t3,data\raw\sec\2022_02\D\AW5_D_YSI_20220213.csv,results\savgol_window_sensitivity\2022_02\breakpoints\window11\AW5D_20220213__bp-lowess-max10-t3.json,"{""max_breakpoints"":10,""method"":""breakpoints"",""min_distance"":0.01,""n_trials"":3,""smoothing_method"":""lowess"",""tolerance"":1e-05,""y_space"":""log10""}",batch run 2026-05-03T22:56:27
fd37593f,2026-05-03T22:56:28,breakpoints,AW6D,20220219,bp-savgol-max10-t3,data\raw\sec\2022_02\D\AW6_D_YSI_20220219.csv,results\savgol_window_sensitivity\2022_02\breakpoints\window11\AW6D_20220219__bp-savgol-max10-t3.json,"{""max_breakpoints"":10,""method"":""breakpoints"",""min_distance"":0.01,""n_trials"":3,""smoothing_method"":""savgol"",""tolerance"":1e-05,""y_space"":""log10""}",batch run 2026-05-03T23:00:56
f6d36361,2026-05-03T23:00:56,breakpoints,AW6D,20220219,bp-lowess-max10-t3,data\raw\sec\2022_02\D\AW6_D_YSI_20220219.csv,results\savgol_window_sensitivity\2022_02\breakpoints\window11\AW6D_20220219__bp-lowess-max10-t3.json,"{""max_breakpoints"":10,""method"":""breakpoints"",""min_distance"":0.01,""n_trials"":3,""smoothing_method"":""lowess"",""tolerance"":1e-05,""y_space"":""log10""}",batch run 2026-05-03T23:04:48
fd37593f,2026-05-03T23:04:48,breakpoints,BW3D,20220202,bp-savgol-max10-t3,data\raw\sec\2022_02\D\BW3_D_YSI_20220202.csv,results\savgol_window_sensitivity\2022_02\breakpoints\window11\BW3D_20220202__bp-savgol-max10-t3.json,"{""max_breakpoints"":10,""method"":""breakpoints"",""min_distance"":0.01,""n_trials"":3,""smoothing_method"":""savgol"",""tolerance"":1e-05,""y_space"":""log10""}",batch run 2026-05-03T23:08:34
f6d36361,2026-05-03T23:08:34,breakpoints,BW3D,20220202,bp-lowess-max10-t3,data\raw\sec\2022_02\D\BW3_D_YSI_20220202.csv,results\savgol_window_sensitivity\2022_02\breakpoints\window11\BW3D_20220202__bp-lowess-max10-t3.json,"{""max_breakpoints"":10,""method"":""breakpoints"",""min_distance"":0.01,""n_trials"":3,""smoothing_method"":""lowess"",""tolerance"":1e-05,""y_space"":""log10""}",batch run 2026-05-03T23:13:32
fd37593f,2026-05-03T23:13:33,breakpoints,LRS69D,20220212,bp-savgol-max10-t3,data\raw\sec\2022_02\D\LRS69_D_YSI_20220212.csv,results\savgol_window_sensitivity\2022_02\breakpoints\window11\LRS69D_20220212__bp-savgol-max10-t3.json,"{""max_breakpoints"":10,""method"":""breakpoints"",""min_distance"":0.01,""n_trials"":3,""smoothing_method"":""savgol"",""tolerance"":1e-05,""y_space"":""log10""}",batch run 2026-05-03T23:21:59
f6d36361,2026-05-03T23:21:59,breakpoints,LRS69D,20220212,bp-lowess-max10-t3,data\raw\sec\2022_02\D\LRS69_D_YSI_20220212.csv,results\savgol_window_sensitivity\2022_02\breakpoints\window11\LRS69D_20220212__bp-lowess-max10-t3.json,"{""max_breakpoints"":10,""method"":""breakpoints"",""min_distance"":0.01,""n_trials"":3,""smoothing_method"":""lowess"",""tolerance"":1e-05,""y_space"":""log10""}",batch run 2026-05-03T23:29:01
fd37593f,2026-05-03T23:29:02,breakpoints,LRS70D,20220131,bp-savgol-max10-t3,data\raw\sec\2022_02\D\LRS70_D_YSI_20220131.csv,results\savgol_window_sensitivity\2022_02\breakpoints\window11\LRS70D_20220131__bp-savgol-max10-t3.json,"{""max_breakpoints"":10,""method"":""breakpoints"",""min_distance"":0.01,""n_trials"":3,""smoothing_method"":""savgol"",""tolerance"":1e-05,""y_space"":""log10""}",batch run 2026-05-03T23:32:53
f6d36361,2026-05-03T23:32:53,breakpoints,LRS70D,20220131,bp-lowess-max10-t3,data\raw\sec\2022_02\D\LRS70_D_YSI_20220131.csv,results\savgol_window_sensitivity\2022_02\breakpoints\window11\LRS70D_20220131__bp-lowess-max10-t3.json,"{""max_breakpoints"":10,""method"":""breakpoints"",""min_distance"":0.01,""n_trials"":3,""smoothing_method"":""lowess"",""tolerance"":1e-05,""y_space"":""log10""}",batch run 2026-05-03T23:36:37
ba9a66a5,2026-05-04T01:56:42,convergence_sec_caliper,ALL,2022_02,convergence_sec_caliper_v1-hybrid-tol0.5-amin3,results\sec_robustness\2022_02\robustness_clusters.csv + data\processed\caliper\priority_wells_cumulative_min_v2_zones.csv,results\convergence\sec_caliper\2022_02,"{""best_match_priority"":""overlap_then_distance"",""caliper_severity_filter"":null,""matching_rule"":""hybrid"",""method"":""convergence_sec_caliper"",""run_tag"":""convergence_sec_caliper_v1"",""sec_agreement_min"":3,""severity_weights"":{""mild"":1,""moderate"":2,""severe"":3},""tolerance_m"":0.5,""unmatched_zones_min_severity"":""moderate""}","SEC↔caliper convergence (Idea 3). agreement_min=3, matching_rule=hybrid, tol=0.5m. Outputs in folder: cluster_matches.csv, well_summary.csv, unmatched_caliper_zones.csv."
748c9595,2026-05-06T12:38:00,smoothing,AW5D,20220213,savgol-w11-o3-seg,data\raw\sec\2022_02\AW5_D_YSI_20220213.csv,data\processed\sec\2022_02\savgol\AW5D_20220213__savgol-w11-o3-seg.csv,"{""depth_adj"":null,""depth_adj_value"":null,""gradient_factor"":20.0,""log10"":true,""method"":""savgol"",""min_gradient_threshold"":1000.0,""monotonic_descent"":true,""order"":3,""segmented"":true,""window"":11}",
c94b7a7c,2026-05-06T12:38:00,smoothing,AW5D,20220213,lowess-f0.05-i2-pava,data\raw\sec\2022_02\AW5_D_YSI_20220213.csv,data\processed\sec\2022_02\lowess\AW5D_20220213__lowess-f0.05-i2-pava.csv,"{""degree"":1,""depth_adj"":null,""depth_adj_value"":null,""frac"":0.05,""iter"":2,""log10"":true,""method"":""lowess"",""monotonic_descent"":true,""pava"":true}",
748c9595,2026-05-06T12:38:02,smoothing,AW6D,20220219,savgol-w11-o3-seg,data\raw\sec\2022_02\AW6_D_YSI_20220219.csv,data\processed\sec\2022_02\savgol\AW6D_20220219__savgol-w11-o3-seg.csv,"{""depth_adj"":null,""depth_adj_value"":null,""gradient_factor"":20.0,""log10"":true,""method"":""savgol"",""min_gradient_threshold"":1000.0,""monotonic_descent"":true,""order"":3,""segmented"":true,""window"":11}",
c94b7a7c,2026-05-06T12:38:02,smoothing,AW6D,20220219,lowess-f0.05-i2-pava,data\raw\sec\2022_02\AW6_D_YSI_20220219.csv,data\processed\sec\2022_02\lowess\AW6D_20220219__lowess-f0.05-i2-pava.csv,"{""degree"":1,""depth_adj"":null,""depth_adj_value"":null,""frac"":0.05,""iter"":2,""log10"":true,""method"":""lowess"",""monotonic_descent"":true,""pava"":true}",
748c9595,2026-05-06T12:38:04,smoothing,BW3D,20220202,savgol-w11-o3-seg,data\raw\sec\2022_02\BW3_D_YSI_20220202.csv,data\processed\sec\2022_02\savgol\BW3D_20220202__savgol-w11-o3-seg.csv,"{""depth_adj"":null,""depth_adj_value"":null,""gradient_factor"":20.0,""log10"":true,""method"":""savgol"",""min_gradient_threshold"":1000.0,""monotonic_descent"":true,""order"":3,""segmented"":true,""window"":11}",
c94b7a7c,2026-05-06T12:38:05,smoothing,BW3D,20220202,lowess-f0.05-i2-pava,data\raw\sec\2022_02\BW3_D_YSI_20220202.csv,data\processed\sec\2022_02\lowess\BW3D_20220202__lowess-f0.05-i2-pava.csv,"{""degree"":1,""depth_adj"":null,""depth_adj_value"":null,""frac"":0.05,""iter"":2,""log10"":true,""method"":""lowess"",""monotonic_descent"":true,""pava"":true}",
748c9595,2026-05-06T12:38:06,smoothing,LRS69D,20220212,savgol-w11-o3-seg,data\raw\sec\2022_02\LRS69_D_YSI_20220212.csv,data\processed\sec\2022_02\savgol\LRS69D_20220212__savgol-w11-o3-seg.csv,"{""depth_adj"":null,""depth_adj_value"":null,""gradient_factor"":20.0,""log10"":true,""method"":""savgol"",""min_gradient_threshold"":1000.0,""monotonic_descent"":true,""order"":3,""segmented"":true,""window"":11}",
c94b7a7c,2026-05-06T12:38:07,smoothing,LRS69D,20220212,lowess-f0.05-i2-pava,data\raw\sec\2022_02\LRS69_D_YSI_20220212.csv,data\processed\sec\2022_02\lowess\LRS69D_20220212__lowess-f0.05-i2-pava.csv,"{""degree"":1,""depth_adj"":null,""depth_adj_value"":null,""frac"":0.05,""iter"":2,""log10"":true,""method"":""lowess"",""monotonic_descent"":true,""pava"":true}",
748c9595,2026-05-06T12:38:08,smoothing,LRS70D,20220131,savgol-w11-o3-seg,data\raw\sec\2022_02\LRS70_D_YSI_20220131.csv,data\processed\sec\2022_02\savgol\LRS70D_20220131__savgol-w11-o3-seg.csv,"{""depth_adj"":null,""depth_adj_value"":null,""gradient_factor"":20.0,""log10"":true,""method"":""savgol"",""min_gradient_threshold"":1000.0,""monotonic_descent"":true,""order"":3,""segmented"":true,""window"":11}",
c94b7a7c,2026-05-06T12:38:09,smoothing,LRS70D,20220131,lowess-f0.05-i2-pava,data\raw\sec\2022_02\LRS70_D_YSI_20220131.csv,data\processed\sec\2022_02\lowess\LRS70D_20220131__lowess-f0.05-i2-pava.csv,"{""degree"":1,""depth_adj"":null,""depth_adj_value"":null,""frac"":0.05,""iter"":2,""log10"":true,""method"":""lowess"",""monotonic_descent"":true,""pava"":true}",
748c9595,2026-05-06T12:47:49,smoothing,AW5D,20220213,savgol-w11-o3-seg,data\raw\sec\2022_02\AW5_D_YSI_20220213.csv,data\processed\sec\2022_02\savgol\AW5D_20220213__savgol-w11-o3-seg.csv,"{""depth_adj"":null,""depth_adj_value"":null,""gradient_factor"":20.0,""log10"":true,""method"":""savgol"",""min_gradient_threshold"":1000.0,""monotonic_descent"":true,""order"":3,""segmented"":true,""window"":11}",
c94b7a7c,2026-05-06T12:47:50,smoothing,AW5D,20220213,lowess-f0.05-i2-pava,data\raw\sec\2022_02\AW5_D_YSI_20220213.csv,data\processed\sec\2022_02\lowess\AW5D_20220213__lowess-f0.05-i2-pava.csv,"{""degree"":1,""depth_adj"":null,""depth_adj_value"":null,""frac"":0.05,""iter"":2,""log10"":true,""method"":""lowess"",""monotonic_descent"":true,""pava"":true}",
748c9595,2026-05-06T12:47:52,smoothing,AW6D,20220219,savgol-w11-o3-seg,data\raw\sec\2022_02\AW6_D_YSI_20220219.csv,data\processed\sec\2022_02\savgol\AW6D_20220219__savgol-w11-o3-seg.csv,"{""depth_adj"":null,""depth_adj_value"":null,""gradient_factor"":20.0,""log10"":true,""method"":""savgol"",""min_gradient_threshold"":1000.0,""monotonic_descent"":true,""order"":3,""segmented"":true,""window"":11}",
c94b7a7c,2026-05-06T12:47:52,smoothing,AW6D,20220219,lowess-f0.05-i2-pava,data\raw\sec\2022_02\AW6_D_YSI_20220219.csv,data\processed\sec\2022_02\lowess\AW6D_20220219__lowess-f0.05-i2-pava.csv,"{""degree"":1,""depth_adj"":null,""depth_adj_value"":null,""frac"":0.05,""iter"":2,""log10"":true,""method"":""lowess"",""monotonic_descent"":true,""pava"":true}",
748c9595,2026-05-06T12:47:54,smoothing,BW3D,20220202,savgol-w11-o3-seg,data\raw\sec\2022_02\BW3_D_YSI_20220202.csv,data\processed\sec\2022_02\savgol\BW3D_20220202__savgol-w11-o3-seg.csv,"{""depth_adj"":null,""depth_adj_value"":null,""gradient_factor"":20.0,""log10"":true,""method"":""savgol"",""min_gradient_threshold"":1000.0,""monotonic_descent"":true,""order"":3,""segmented"":true,""window"":11}",
c94b7a7c,2026-05-06T12:47:54,smoothing,BW3D,20220202,lowess-f0.05-i2-pava,data\raw\sec\2022_02\BW3_D_YSI_20220202.csv,data\processed\sec\2022_02\lowess\BW3D_20220202__lowess-f0.05-i2-pava.csv,"{""degree"":1,""depth_adj"":null,""depth_adj_value"":null,""frac"":0.05,""iter"":2,""log10"":true,""method"":""lowess"",""monotonic_descent"":true,""pava"":true}",
748c9595,2026-05-06T12:47:56,smoothing,LRS69D,20220212,savgol-w11-o3-seg,data\raw\sec\2022_02\LRS69_D_YSI_20220212.csv,data\processed\sec\2022_02\savgol\LRS69D_20220212__savgol-w11-o3-seg.csv,"{""depth_adj"":null,""depth_adj_value"":null,""gradient_factor"":20.0,""log10"":true,""method"":""savgol"",""min_gradient_threshold"":1000.0,""monotonic_descent"":true,""order"":3,""segmented"":true,""window"":11}",
c94b7a7c,2026-05-06T12:47:56,smoothing,LRS69D,20220212,lowess-f0.05-i2-pava,data\raw\sec\2022_02\LRS69_D_YSI_20220212.csv,data\processed\sec\2022_02\lowess\LRS69D_20220212__lowess-f0.05-i2-pava.csv,"{""degree"":1,""depth_adj"":null,""depth_adj_value"":null,""frac"":0.05,""iter"":2,""log10"":true,""method"":""lowess"",""monotonic_descent"":true,""pava"":true}",
748c9595,2026-05-06T12:47:58,smoothing,LRS70D,20220131,savgol-w11-o3-seg,data\raw\sec\2022_02\LRS70_D_YSI_20220131.csv,data\processed\sec\2022_02\savgol\LRS70D_20220131__savgol-w11-o3-seg.csv,"{""depth_adj"":null,""depth_adj_value"":null,""gradient_factor"":20.0,""log10"":true,""method"":""savgol"",""min_gradient_threshold"":1000.0,""monotonic_descent"":true,""order"":3,""segmented"":true,""window"":11}",
c94b7a7c,2026-05-06T12:47:59,smoothing,LRS70D,20220131,lowess-f0.05-i2-pava,data\raw\sec\2022_02\LRS70_D_YSI_20220131.csv,data\processed\sec\2022_02\lowess\LRS70D_20220131__lowess-f0.05-i2-pava.csv,"{""degree"":1,""depth_adj"":null,""depth_adj_value"":null,""frac"":0.05,""iter"":2,""log10"":true,""method"":""lowess"",""monotonic_descent"":true,""pava"":true}",
ca493aa1,2026-05-06T14:42:47,breakpoints,LRS70D,20220131,bp-savgol-max15-t3,data\raw\sec\2022_02\LRS70_D_YSI_20220131.csv,data\breakpoints\2022_02\LRS70D_20220131__bp-savgol-max15-t3.json,"{""max_breakpoints"":15,""method"":""breakpoints"",""min_distance"":0.01,""n_trials"":3,""smoothing_method"":""savgol"",""tolerance"":1e-05,""y_space"":""log10""}",batch run 2026-05-06T14:49:08
38d3cf17,2026-05-06T14:49:08,breakpoints,LRS70D,20220131,bp-lowess-max15-t3,data\raw\sec\2022_02\LRS70_D_YSI_20220131.csv,data\breakpoints\2022_02\LRS70D_20220131__bp-lowess-max15-t3.json,"{""max_breakpoints"":15,""method"":""breakpoints"",""min_distance"":0.01,""n_trials"":3,""smoothing_method"":""lowess"",""tolerance"":1e-05,""y_space"":""log10""}",batch run 2026-05-06T14:55:52
ca493aa1,2026-05-06T23:21:06,breakpoints,LRS70D,20220131,bp-savgol-max15-t3,data\raw\sec\2022_02\LRS70_D_YSI_20220131.csv,data\breakpoints\2022_02\LRS70D_20220131__bp-savgol-max15-t3.json,"{""max_breakpoints"":15,""method"":""breakpoints"",""min_distance"":0.01,""n_trials"":3,""smoothing_method"":""savgol"",""tolerance"":1e-05,""y_space"":""log10""}",batch run 2026-05-06T23:27:14
38d3cf17,2026-05-06T23:27:14,breakpoints,LRS70D,20220131,bp-lowess-max15-t3,data\raw\sec\2022_02\LRS70_D_YSI_20220131.csv,data\breakpoints\2022_02\LRS70D_20220131__bp-lowess-max15-t3.json,"{""max_breakpoints"":15,""method"":""breakpoints"",""min_distance"":0.01,""n_trials"":3,""smoothing_method"":""lowess"",""tolerance"":1e-05,""y_space"":""log10""}",batch run 2026-05-06T23:34:46
ca493aa1,2026-05-07T00:09:04,breakpoints,AW5D,20220213,bp-savgol-max15-t3,data\raw\sec\2022_02\AW5_D_YSI_20220213.csv,data\breakpoints\2022_02\AW5D_20220213__bp-savgol-max15-t3.json,"{""max_breakpoints"":15,""method"":""breakpoints"",""min_distance"":0.01,""n_trials"":3,""smoothing_method"":""savgol"",""tolerance"":1e-05,""y_space"":""log10""}",batch run 2026-05-07T00:15:34
38d3cf17,2026-05-07T00:15:34,breakpoints,AW5D,20220213,bp-lowess-max15-t3,data\raw\sec\2022_02\AW5_D_YSI_20220213.csv,data\breakpoints\2022_02\AW5D_20220213__bp-lowess-max15-t3.json,"{""max_breakpoints"":15,""method"":""breakpoints"",""min_distance"":0.01,""n_trials"":3,""smoothing_method"":""lowess"",""tolerance"":1e-05,""y_space"":""log10""}",batch run 2026-05-07T00:18:52
ca493aa1,2026-05-07T00:19:05,breakpoints,AW6D,20220219,bp-savgol-max15-t3,data\raw\sec\2022_02\AW6_D_YSI_20220219.csv,data\breakpoints\2022_02\AW6D_20220219__bp-savgol-max15-t3.json,"{""max_breakpoints"":15,""method"":""breakpoints"",""min_distance"":0.01,""n_trials"":3,""smoothing_method"":""savgol"",""tolerance"":1e-05,""y_space"":""log10""}",batch run 2026-05-07T00:25:39
38d3cf17,2026-05-07T00:25:39,breakpoints,AW6D,20220219,bp-lowess-max15-t3,data\raw\sec\2022_02\AW6_D_YSI_20220219.csv,data\breakpoints\2022_02\AW6D_20220219__bp-lowess-max15-t3.json,"{""max_breakpoints"":15,""method"":""breakpoints"",""min_distance"":0.01,""n_trials"":3,""smoothing_method"":""lowess"",""tolerance"":1e-05,""y_space"":""log10""}",batch run 2026-05-07T00:31:24
ca493aa1,2026-05-07T00:31:36,breakpoints,BW3D,20220202,bp-savgol-max15-t3,data\raw\sec\2022_02\BW3_D_YSI_20220202.csv,data\breakpoints\2022_02\BW3D_20220202__bp-savgol-max15-t3.json,"{""max_breakpoints"":15,""method"":""breakpoints"",""min_distance"":0.01,""n_trials"":3,""smoothing_method"":""savgol"",""tolerance"":1e-05,""y_space"":""log10""}",batch run 2026-05-07T00:37:18
38d3cf17,2026-05-07T00:37:18,breakpoints,BW3D,20220202,bp-lowess-max15-t3,data\raw\sec\2022_02\BW3_D_YSI_20220202.csv,data\breakpoints\2022_02\BW3D_20220202__bp-lowess-max15-t3.json,"{""max_breakpoints"":15,""method"":""breakpoints"",""min_distance"":0.01,""n_trials"":3,""smoothing_method"":""lowess"",""tolerance"":1e-05,""y_space"":""log10""}",batch run 2026-05-07T00:44:52
ca493aa1,2026-05-07T00:45:05,breakpoints,LRS69D,20220212,bp-savgol-max15-t3,data\raw\sec\2022_02\LRS69_D_YSI_20220212.csv,data\breakpoints\2022_02\LRS69D_20220212__bp-savgol-max15-t3.json,"{""max_breakpoints"":15,""method"":""breakpoints"",""min_distance"":0.01,""n_trials"":3,""smoothing_method"":""savgol"",""tolerance"":1e-05,""y_space"":""log10""}",batch run 2026-05-07T00:55:44
38d3cf17,2026-05-07T00:55:44,breakpoints,LRS69D,20220212,bp-lowess-max15-t3,data\raw\sec\2022_02\LRS69_D_YSI_20220212.csv,data\breakpoints\2022_02\LRS69D_20220212__bp-lowess-max15-t3.json,"{""max_breakpoints"":15,""method"":""breakpoints"",""min_distance"":0.01,""n_trials"":3,""smoothing_method"":""lowess"",""tolerance"":1e-05,""y_space"":""log10""}",batch run 2026-05-07T01:06:50
ca493aa1,2026-05-07T01:07:02,breakpoints,LRS70D,20220131,bp-savgol-max15-t3,data\raw\sec\2022_02\LRS70_D_YSI_20220131.csv,data\breakpoints\2022_02\LRS70D_20220131__bp-savgol-max15-t3.json,"{""max_breakpoints"":15,""method"":""breakpoints"",""min_distance"":0.01,""n_trials"":3,""smoothing_method"":""savgol"",""tolerance"":1e-05,""y_space"":""log10""}",batch run 2026-05-07T01:12:39
38d3cf17,2026-05-07T01:12:39,breakpoints,LRS70D,20220131,bp-lowess-max15-t3,data\raw\sec\2022_02\LRS70_D_YSI_20220131.csv,data\breakpoints\2022_02\LRS70D_20220131__bp-lowess-max15-t3.json,"{""max_breakpoints"":15,""method"":""breakpoints"",""min_distance"":0.01,""n_trials"":3,""smoothing_method"":""lowess"",""tolerance"":1e-05,""y_space"":""log10""}",batch run 2026-05-07T01:18:55
